{"intents": [
        {"tag": "greeting",
         "patterns": ["Hi", "How are you", "Is anyone there?", "Hello", "Good day"],
         "responses": ["Hello, thanks for visiting", "Good to see you again", "Hi there, how can I help?"],
         "context_set": ""
        },
        {"tag": "goodbye",
         "patterns": ["Bye", "See you later", "Goodbye"],
         "responses": ["See you later, thanks for visiting", "Have a nice day", "Bye! Come back again soon."]
        },
        {"tag": "thanks",
         "patterns": ["Thanks", "Thank you", "That's helpful"],
         "responses": ["Your welcome!", "Any time!", "My pleasure"]
        },
	{"tag": "noanswer",
         "patterns": [""],
         "responses": ["Sorry, can't understand you", "Please give me more info", "Not sure I understand"]
        },
        {"tag": "hours",
         "patterns": ["What hours are you open?", "What are your hours?", "When are you open?" ],
         "responses": ["We're open every day 9am-9pm", "Our hours are 9am-9pm every day"]
        },
        {"tag": "flowers",
         "patterns": ["I would like to buy flowers", "I want to buy a flower","What are the flowers you have?", "What kinds of flowers are there?", "What do you have?" ],
         "responses": ["We have Rose, Tulip and Daisy, which one you prefer?", "Rose, Tulip and Daisy, which one do you like?"],
	 "context_set": "buyflower"
        },
        {"tag": "payments",
         "patterns": ["credit cards", "Do you take credit cards?", "Do you accept Mastercard?", "Are you cash only?" ],
         "responses": ["We accept VISA, Mastercard and AMEX", "We accept most major credit cards"]
        },
	{"tag": "rose",
         "patterns": ["rose flowers", "roses", "rose" ],
         "responses": ["Rose is a lovely flower!"],
	 "context_filter": "buyflower"
        },
	{"tag": "tulip",
         "patterns": ["tulip flowers", "tulips", "tulip" ],
         "responses": ["Tulip is the best one!"],
	 "context_filter": "buyflower"
        },
	{"tag": "daisy",
         "patterns": ["daisy flowers", "daisy"],
         "responses": ["I love Daisy too!"],
	 "context_filter": "buyflower"
        },
        {"tag": "opentoday",
         "patterns": ["Are you open today?", "When do you open today?", "What are your hours today?"],
         "responses": ["We're open every day from 9am-9pm", "Our hours are 9am-9pm every day"]
        }
   ]
}

